<?xml version="1.0" encoding="UTF-8"?>
<!-- <!DOCTYPE suite SYSTEM "https://testng.org/testng-1.0.dtd"> -->
<suite name="Suite">
<listeners>
	<listener class-name="utilities.ExtentReportGenerator"></listener>
</listeners>
  <test name="ChromeTest"> 
  <parameter name="browser" value="Chrome"></parameter>
  <parameter name="search" value="Timesheet"></parameter>
    <classes>
      <class name="testCases.TestCase_001_TimeSheetValidation"/>
    </classes>
  </test>
  
   <test name="EdgeTest"> 
  <parameter name="browser" value="Edge"></parameter>
  <parameter name="search" value="Timesheet"></parameter>
    <classes>
      <class name="testCases.TestCase_001_TimeSheetValidation"/>
    </classes>
  </test>  
  
</suite> 
 